item	plan	reason	guard
env	Add KRASIS_MAMBA2_SSD_BLOCK_SCAN_RECURRENT_SUBLOOP_TIMING=1.	Explicit opt-in timing; no default-path behavior.	Require KRASIS_MAMBA2_SSD_BLOCK_SCAN=1 and either full oracle validation or KRASIS_MAMBA2_SSD_BLOCK_SCAN_CANDIDATE_TIMING=1.
buffer	Allocate one tiny u64 timing buffer, suggested 12 slots, only when recurrent subloop env is set.	Keeps VRAM impact negligible and runtime-sized; no large scratch allocation.	Reject if env is set outside block-scan path.
kernel_signature	Pass optional unsigned long long* recurrent_timing to mamba2_ssd_block_scan_recurrent_kernel.	NULL preserves accepted code path and generated output behavior.	No changes to default sequential SSD or coeff-tile output kernel.
counter_strategy	Accumulate per-thread clock64 counters in registers across all tokens, then atomicAdd once per valid thread per slot at kernel end.	Avoids per-token global atomics that would dominate the measured path.	Timing-only instrumentation; not used for correctness or output.
slots	Record total_thread, entry_snapshot, dt_A_x_setup, state_recurrence_update, c_state_total_dot, c_state_total_store, residual, valid_threads, row_lanes, entry_snapshots, state_elements, c_state_stores.	Splits the 716ms recurrent total into the exact static phases.	Counts can be computed host-side but slots make log self-checking.
host_record	Emit [MAMBA2-SSD-BLOCK-SCAN-RECURRENT-SUBLOOP-TIMING] JSON with dimensions, clock_cycle_shares, wall_ms_estimates derived from recurrent_total_ms, and candidate_timing_mode/oracle_mode flags.	Keeps the timing visible and separable from candidate timing.	Must be emitted only under the new env.
validation_sequence	First run smallest full-oracle coeff-tile diagnostic with candidate timing and recurrent subloop timing enabled.	Proves exactness and probes are unchanged before no-oracle measurement.	Stop and record mismatches if any output/state mismatch occurs.
long_measurement	If small oracle is exact, run one long no-oracle candidate timing diagnostic with recurrent subloop timing enabled and output subloop timing disabled.	Collects recurrent split without sequential oracle, host compare, or output subloop overhead.	No requests, speed benchmark, decode/HCS, or production enablement.
acceptance	Accept only timing data, not an optimization.	Next optimization target should be chosen from measured recurrent subloop shares.	Preserve coeff-tile correctness and full-oracle path.
